{"cameraMode":{"drawMode":0,"name":"Shaded","section":"Shading Mode"},"sceneLighting":true,"audioPlay":false,"sceneViewState":{"m_AlwaysRefresh":false,"showFog":true,"showSkybox":true,"showFlares":true,"showImageEffects":true,"showParticleSystems":true,"showVisualEffectGraphs":true,"m_FxEnabled":true},"in2DMode":false,"pivot":{"x":0.20644083619117738,"y":2.2678775787353517,"z":0.193240225315094},"rotation":{"x":-0.15542088449001313,"y":-0.005946907680481672,"z":0.000016143438188009895,"w":-0.9881695508956909},"size":5.257218837738037,"orthographic":false}