{"cameraMode":{"drawMode":0,"name":"Shaded","section":"Shading Mode"},"sceneLighting":true,"audioPlay":false,"sceneViewState":{"m_AlwaysRefresh":false,"showFog":true,"showSkybox":true,"showFlares":true,"showImageEffects":true,"showParticleSystems":true,"showVisualEffectGraphs":true,"m_FxEnabled":true},"in2DMode":false,"pivot":{"x":-0.24584586918354035,"y":0.2590283751487732,"z":1.423654317855835},"rotation":{"x":-0.07942591607570648,"y":-0.0027231425046920778,"z":0.000121355100418441,"w":-0.9969683289527893},"size":3.043855667114258,"orthographic":false}