{"cameraMode":{"drawMode":0,"name":"Shaded","section":"Shading Mode"},"sceneLighting":true,"audioPlay":false,"sceneViewState":{"m_AlwaysRefresh":false,"showFog":true,"showSkybox":true,"showFlares":true,"showImageEffects":true,"showParticleSystems":true,"showVisualEffectGraphs":true,"m_FxEnabled":true},"in2DMode":false,"pivot":{"x":-0.1767183244228363,"y":1.0873379707336426,"z":-0.5371206998825073},"rotation":{"x":-0.11975759267807007,"y":-0.03146091476082802,"z":0.0017861219821497799,"w":-0.9926849007606506},"size":7.334406852722168,"orthographic":false}