{"cameraMode":{"drawMode":0,"name":"Shaded","section":"Shading Mode"},"sceneLighting":true,"audioPlay":false,"sceneViewState":{"m_AlwaysRefresh":false,"showFog":true,"showSkybox":true,"showFlares":true,"showImageEffects":true,"showParticleSystems":true,"showVisualEffectGraphs":true,"m_FxEnabled":true},"in2DMode":false,"pivot":{"x":0.6174999475479126,"y":0.7959294319152832,"z":8.668691635131836},"rotation":{"x":-0.007496634032577276,"y":0.010728416033089161,"z":-0.0003864169120788574,"w":-1.00021231174469},"size":6.720826148986816,"orthographic":false}