{"cameraMode":{"drawMode":0,"name":"Shaded","section":"Shading Mode"},"sceneLighting":true,"audioPlay":false,"sceneViewState":{"m_AlwaysRefresh":false,"showFog":true,"showSkybox":true,"showFlares":true,"showImageEffects":true,"showParticleSystems":true,"showVisualEffectGraphs":true,"m_FxEnabled":true},"in2DMode":false,"pivot":{"x":-0.3605692982673645,"y":0.7391318082809448,"z":-0.5835589170455933},"rotation":{"x":-0.19384250044822694,"y":-0.009093902073800564,"z":-0.00001442505708837416,"w":-0.981364369392395},"size":14.930849075317383,"orthographic":false}