{"cameraMode":{"drawMode":0,"name":"Shaded","section":"Shading Mode"},"sceneLighting":true,"audioPlay":false,"sceneViewState":{"m_AlwaysRefresh":false,"showFog":true,"showSkybox":true,"showFlares":true,"showImageEffects":true,"showParticleSystems":true,"showVisualEffectGraphs":true,"m_FxEnabled":true},"in2DMode":false,"pivot":{"x":-5.123775959014893,"y":17.438125610351564,"z":48.28406524658203},"rotation":{"x":-0.016492323949933053,"y":0.015258247964084149,"z":-0.0007069307612255216,"w":-0.9999286532402039},"size":40.323280334472659,"orthographic":false}